{"cameraMode":{"drawMode":0,"name":"Shaded","section":"Shading Mode"},"sceneLighting":false,"audioPlay":false,"sceneViewState":{"showFog":true,"showMaterialUpdate":false,"showSkybox":true,"showFlares":true,"showImageEffects":true,"showParticleSystems":true},"in2DMode":false,"pivot":{"x":-0.2724339962005615,"y":0.004210710525512695,"z":-0.3125886917114258},"rotation":{"x":-0.04116816446185112,"y":0.9548642039299011,"z":-0.24769552052021027,"w":-0.15870286524295808},"size":21.90822982788086,"orthographic":false}