{"cameraMode":{"drawMode":0,"name":"Shaded","section":"Shading Mode"},"sceneLighting":false,"audioPlay":false,"sceneViewState":{"showFog":true,"showMaterialUpdate":false,"showSkybox":true,"showFlares":true,"showImageEffects":true,"showParticleSystems":true},"in2DMode":false,"pivot":{"x":0.000020064602722413838,"y":-0.000002428692823741585,"z":-0.0000110426772153005},"rotation":{"x":-0.04116816446185112,"y":0.9548642039299011,"z":-0.24769552052021027,"w":-0.15870286524295808},"size":15.659656524658204,"orthographic":false}